<?xml version="1.0" encoding="utf-8"?>
<!-- BEGIN_INCLUDE(manifest) -->
<manifest xmlns:android="http://schemas.android.com/apk/res/android"
        package="%package%"
        android:versionCode="%versionCode%"
        android:versionName="%versionName%"
        android:installLocation="%installLocation%">

    <!-- This is the platform API where NativeActivity was introduced. -->
    <uses-sdk android:minSdkVersion="19" android:targetSdkVersion="26" />
    <uses-permission-sdk-23 android:name="android.permission.CAMERA" />
    <uses-permission android:name="android.permission.CAMERA" android:maxSdkVersion="22" />
	
    <uses-permission-sdk-23 android:name="android.permission.READ_EXTERNAL_STORAGE" />
    <uses-permission android:name="android.permission.READ_EXTERNAL_STORAGE" android:maxSdkVersion="22" />
	
    <uses-permission-sdk-23 android:name="android.permission.WRITE_EXTERNAL_STORAGE" />
    <uses-permission android:name="android.permission.WRITE_EXTERNAL_STORAGE" android:maxSdkVersion="22" />
	
    <uses-permission-sdk-23 android:name="android.permission.READ_INTERNAL_STORAGE" />
    <uses-permission android:name="android.permission.READ_INTERNAL_STORAGE" android:maxSdkVersion="22" />
	
    <uses-permission-sdk-23 android:name="android.permission.WRITE_INTERNAL_STORAGE" />
    <uses-permission android:name="android.permission.WRITE_INTERNAL_STORAGE" android:maxSdkVersion="22" />
	
    <uses-permission android:name="android.permission.INTERNET" />
	<!-- <uses-permission android:name="android.permission.READ_EXTERNAL_STORAGE" />
	<uses-permission android:name="android.permission.WRITE_EXTERNAL_STORAGE" />
	
	<uses-permission android:name="android.permission.READ_INTERNAL_STORAGE" />
	<uses-permission android:name="android.permission.WRITE_INTERNAL_STORAGE" /> -->
	
    <uses-permission android:name="android.permission.VIBRATE" />
    <uses-feature android:glEsVersion="0x00020000" android:required="True"/>
    <application android:persistent="%persistent%" 
        android:restoreAnyVersion="%restoreAnyVersion%" 
        android:label="%label%" 
        android:debuggable="%debuggable%" 
        android:largeHeap="%largeHeap%"
        android:icon="%icon%"
        android:theme="%theme%"
        android:hardwareAccelerated="%hardwareAccelerated%">
 <provider
        android:name="android.support.v4.content.FileProvider"
        android:authorities="tech.hodler.core.fileProvider"
        android:grantUriPermissions="true"
        android:exported="false">
        <meta-data
            android:name="android.support.FILE_PROVIDER_PATHS"
            android:resource="@xml/file_paths" />
    </provider>	
<%application-meta-data%>
		<%services%>
        <!-- Our activity is a subclass of the built-in NativeActivity framework class.
             This will take care of integrating with our NDK code. -->
        <activity android:name="com.embarcadero.firemonkey.FMXNativeActivity"
                android:label="%activityLabel%"
                android:configChanges="orientation|keyboard|keyboardHidden|screenSize"
                android:launchMode="singleTask">
				<!--<activity android:name="tech.hodler.additional.NativeActivity"
          android:configChanges="orientation|keyboard" /> -->
		


            <!-- Tell NativeActivity the name of our .so -->
            <meta-data android:name="android.app.lib_name"
                android:value="%libNameValue%" />
            <intent-filter>  
                <action android:name="android.intent.action.MAIN" />
               <category android:name="android.intent.category.LAUNCHER" />
				 <!-- <category android:name="android.intent.category.DEFAULT"/>-->
  <!--<category android:name="android.intent.category.HOME"/>-->
            </intent-filter> 
        </activity>
   	
		<!--<activity android:name="com.lamerman.FileDialog"
          android:configChanges="orientation|keyboard" />-->
        <%activity%>
        <%receivers%>
    </application>
</manifest>
<!-- END_INCLUDE(manifest) -->
